Ricci calculus,Absolute differential calculus
Absolute geometry
Abstract algebra
Abstract analytic number theory
Abstract differential geometry
Abstract harmonic analysis
homotopy theory,Abstract homotopy theory
Actuarial science
Additive combinatorics
Additive number theory
Affine geometry
Affine geometry of curves
Affine differential geometry
Ahlfors theory
Algebra
Algebraic analysis
Algebraic combinatorics
Algebraic computation
Algebraic geometry
Algebraic graph theory
Algebraic statistics
Algebraic topology
Algorithmic number theory
Anabelian geometry
Mathematical analysis,Analysis
Approximation theory
Arakelov geometry
Arithmetic combinatorics
Arithmetic,Higher arithmetic
Higher category theory
Higher-dimensional algebra
Hodge theory
Holomorphic functional calculus
Homological algebra
Homology theory
Homotopy theory
Hyperbolic geometry
Hyperbolic geometry,hyperbolic trigonometry
Hypercomplex analysis
Hyperfunction,Hyperfunction theory
Operation research
Operator K-theory
Operator theory
Optimal control theory
Optimal maintenance
Orbifold,Orbifold theory
Order theory
Ordered geometry
Oscillation theory
p-adic analysis
p-adic analysis,p-adic dynamics
p-adic Hodge theory
Parabolic geometry ,Parabolic geometry
Paraconsistent mathematics
Partition theory
Perturbation theory
Picard&ndash;Vessiot theory
Plane geometry
Point-set topology
Pointless topology
Poisson geometry
Polyhedral combinatorics
Possibility theory
Potential theory
Precalculus
Predicative mathematics
Probability theory
Probabilistic combinatorics
Probabilistic graph theory
Probabilistic number theory
Projective geometry
Projective differential geometry
Proof theory
Pseudo-Riemannian geometry
Pure mathematics
Quantum calculus
Quantum geometry
Quaternionic analysis
Ramsey theory
Rational geometry
Real algebraic geometry,Real algebra
Real algebraic geometry
Real analysis
Real K-theory
Recreational mathematics
Recursion theory
Representation theory
Group representation,Representation theory of group
Representation theory of the Galilean group
Representation theory of the Lorentz group
Representation theory of the Poincar√© group
Representation theory of the symmetric group
Ribbon theory
Ricci calculus
Ring theory
Riemannian geometry
Rough set,Rough set theory
